<?xml version="1.0" encoding="UTF-8" standalone="yes"?>
<metadataSupplement>
    <tables>
        <table dataLocale="en_US" dataSources="ds13" resourceIdentifier="'cas-shared-default','CASUSER','SWIMMERPLOTDATA','en_US'" tableModifiedTimeStamp="2023-07-24T07:35:56.342Z">
            <columns>
                <column dataType="double" format="BEST12." label="item" xref="item"/>
                <column dataType="string" label="stage" xref="stage"/>
                <column dataType="double" format="BEST12." label="low" xref="low"/>
                <column dataType="double" format="BEST12." label="high" xref="high"/>
                <column dataType="string" label="highcap" xref="highcap"/>
                <column dataType="string" label="status" xref="status"/>
                <column dataType="double" format="BEST12." label="start" xref="start"/>
                <column dataType="double" format="BEST12." label="end" xref="end"/>
                <column dataType="double" format="BEST12." label="durable" xref="durable"/>
                <column dataType="double" format="BEST12." label="startline" xref="startline"/>
                <column dataType="double" format="BEST12." label="endline" xref="endline"/>
                <column dataType="double" format="BEST12." label="ymin" xref="ymin"/>
            </columns>
        </table>
    </tables>
    <version>2</version>
</metadataSupplement>
