<?xml version="1.0" encoding="UTF-8"?>
<SASReport xmlns="http://www.sas.com/sasreportmodel/bird-4.29.0" label="Swimmer plot" implicitInteractions="reportPrompt sectionPrompt sectionLink" createdLocale="en" createdVersion="4.23.0" dateCreated="2022-09-20T06:27:03Z" dateModified="2023-07-24T07:57:28Z" createdApplication="SAS Visual Analytics 2020" lastModifiedApplication="SAS Visual Analytics 2020" nextUniqueNameIndex="63">
	<Results>
		<Result ref="dd46" type="relational" status="success" dataLevel="baseline" label="结果" dataLocale="en_US" consumerDataModel="detail" supportsExportDetail="false" supportsCustomQuery="true" sortLocale="zh_CN" tableDateModified="2023-07-24T07:35:56.342Z">
			<Variables>
				<NumericVariable format="BEST12." usage="categorical" sortOn="custom" customSort="cs29" label="item" ref="bi50" varname="bi50" column="c0"/>
				<StringVariable label="stage" ref="bi54" varname="bi54" column="c1"/>
				<StringVariable label="status" ref="bi55" varname="bi55" column="c2"/>
				<NumericVariable format="BEST12." usage="quantitative" definedAggregation="sum" label="low" ref="bi48" varname="bi48" column="c3"/>
				<NumericVariable format="BEST12." usage="quantitative" definedAggregation="sum" label="high" ref="bi49" varname="bi49" column="c4"/>
				<NumericVariable format="BEST12." usage="quantitative" definedAggregation="sum" label="durable" ref="bi51" varname="bi51" column="c5"/>
				<NumericVariable format="COMMA12.2" usage="quantitative" definedAggregation="sum" label="Continued" ref="bi52" varname="bi52" column="c6"/>
				<NumericVariable format="BEST12." usage="quantitative" definedAggregation="sum" label="start" ref="bi53" varname="bi53" column="c7"/>
				<NumericVariable format="BEST12." usage="quantitative" definedAggregation="sum" label="end" ref="bi56" varname="bi56" column="c8"/>
				<NumericVariable format="BEST12." usage="quantitative" definedAggregation="sum" label="endline" ref="bi58" varname="bi58" column="c9"/>
			</Variables>
			<Columns>
				<NumericColumn dataType="double" colname="c0" encoding="text"/>
				<StringColumn maxLength="1" colname="c1" encoding="text"/>
				<StringColumn maxLength="1" colname="c2" encoding="text"/>
				<NumericColumn dataType="double" colname="c3" encoding="text"/>
				<NumericColumn dataType="double" colname="c4" encoding="text"/>
				<NumericColumn dataType="double" colname="c5" encoding="text"/>
				<NumericColumn dataType="double" colname="c6" encoding="text"/>
				<NumericColumn dataType="double" colname="c7" encoding="text"/>
				<NumericColumn dataType="double" colname="c8" encoding="text"/>
				<NumericColumn dataType="double" colname="c9" encoding="text"/>
			</Columns>
			<DefinedColumnSortItems>
				<DefinedSortItem variable="bi54" sortDirection="ascending"/>
				<DefinedSortItem variable="bi55" sortDirection="ascending"/>
				<DefinedSortItem variable="bi50" sortOn="custom" sortDirection="descending"/>
			</DefinedColumnSortItems>
			<Data isIndexed="true" availableRowCount="15" contentKey="JGNTPZT2X76G2ZV7OTSCYRUAAAGX5V7O" size="580" format="CSV" rowCount="15" grandTotal="false" dataLayout="detail"><![CDATA[8.0,2,0,0.0,9.5,-0.25,.,1.0,9.5,9.5
5.0,2,0,0.0,12.5,-0.25,12.7,3.5,4.5,4.5
5.0,2,0,0.0,12.5,.,12.7,6.5,8.5,8.5
1.0,2,0,0.0,18.5,-0.25,18.7,6.5,13.5,13.5
5.0,2,1,0.0,12.5,.,12.7,10.5,.,12.2
10.0,3,0,0.0,4.2,.,4.4,1.2,.,3.9
2.0,3,0,0.0,17.0,-0.25,.,10.5,17.0,17.0
6.0,3,1,0.0,12.6,.,12.799999999999999,2.5,7.0,7.0
6.0,3,1,0.0,12.6,.,12.799999999999999,9.5,.,12.3
7.0,4,0,0.0,11.5,-0.25,.,4.5,11.5,11.5
3.0,4,1,0.0,14.0,.,14.2,6.0,.,13.7
3.0,4,1,0.0,14.0,-0.25,14.2,2.5,3.5,3.5
9.0,5,1,0.0,8.3,.,.,6.0,.,8.0
4.0,5,1,0.0,13.5,.,13.7,11.5,.,13.2
4.0,5,1,0.0,13.5,.,13.7,7.0,11.0,11.0
]]></Data>
			<StringTable contentKey="XEOEMPPSQPIYBCRU457CO2AMPOVKP4GF" size="79" format="CSV" rowCount="6"><![CDATA["Complete response"
"Partial response"
"Stage 1"
"Stage 2"
"Stage 3"
"Stage 4"
]]></StringTable>
		</Result>
	</Results>
	<DataDefinitions>
		<ParentDataDefinition childQueryRelationship="independent" status="executable" dataSource="ds13" name="dd44">
			<BusinessItems>
				<RelationalDataItem name="bi48" base="bi20"/>
				<RelationalDataItem name="bi49" base="bi17"/>
				<RelationalDataItem name="bi50" base="bi19"/>
				<RelationalDataItem name="bi51" base="bi14"/>
				<RelationalDataItem name="bi52" base="bi28"/>
				<RelationalDataItem name="bi53" base="bi22"/>
				<RelationalDataItem name="bi54" base="bi21"/>
				<RelationalDataItem name="bi55" base="bi24"/>
				<RelationalDataItem name="bi56" base="bi15"/>
				<RelationalDataItem name="bi58" base="bi16"/>
			</BusinessItems>
			<DataDefinition dataSource="ds13" type="multidimensional" name="dd45">
				<MultidimensionalQuery detail="true">
					<Axes>
						<Axis type="column">
							<BusinessItem ref="bi50"/>
							<BusinessItem ref="bi54"/>
							<BusinessItem ref="bi55"/>
						</Axis>
						<Axis type="row">
							<BusinessItem ref="bi48"/>
							<BusinessItem ref="bi49"/>
							<BusinessItem ref="bi51"/>
							<BusinessItem ref="bi52"/>
							<BusinessItem ref="bi53"/>
							<BusinessItem ref="bi56"/>
							<BusinessItem ref="bi58"/>
						</Axis>
					</Axes>
					<ColumnSortItems>
						<SortItem ref="bi54" sortDirection="ascending"/>
						<SortItem ref="bi55" sortDirection="ascending"/>
						<SortItem ref="bi50" sortDirection="descending"/>
					</ColumnSortItems>
				</MultidimensionalQuery>
				<ResultDefinitions>
					<ResultDefinition purpose="primary" maxRowsLookup="graphDefault" maxRowsBehavior="noData" name="dd46"/>
				</ResultDefinitions>
			</DataDefinition>
		</ParentDataDefinition>
	</DataDefinitions>
	<DataSources>
		<DataSource label="SWIMMERPLOTDATA" type="relational" name="ds13">
			<CasResource server="cas-shared-default" library="CASUSER" table="SWIMMERPLOTDATA" locale="en_US"/>
			<BusinessItemFolder>
				<DataItem name="bi14" xref="durable"/>
				<DataItem name="bi15" xref="end"/>
				<DataItem name="bi16" xref="endline"/>
				<DataItem name="bi17" xref="high"/>
				<DataItem name="bi18" xref="highcap"/>
				<DataItem name="bi19" xref="item" usage="categorical" sortOn="custom" customSort="cs29"/>
				<DataItem name="bi20" xref="low"/>
				<DataItem name="bi21" xref="stage"/>
				<DataItem name="bi22" xref="start"/>
				<DataItem name="bi23" xref="startline"/>
				<DataItem name="bi24" xref="status"/>
				<DataItem name="bi25" xref="ymin"/>
				<PredefinedDataItem calculation="totalCount" name="bi26" label="Frequency" usage="quantitative" format="COMMA12."/>
				<PredefinedDataItem calculation="totalCountPercent" name="bi27" label="Frequency Percent" usage="quantitative" format="PERCENT20.2"/>
				<CalculatedItem dataType="double" name="bi28" label="Continued" usage="quantitative" format="COMMA12.2" aggregation="sum">
					<Expression>cond(notMissing(${bi18,binned}),plus(${bi17,raw},0.2),.)</Expression>
				</CalculatedItem>
			</BusinessItemFolder>
		</DataSource>
	</DataSources>
	<VisualElements>
		<Graph graphType="custom" supplementalVisuals="ve47" resultDefinitions="dd46" name="ve43" data="dd44" label="Swimmer Plot - low 2" applyDynamicBrushes="yes">
			<EditorProperties>
				<Property key="baseLabel">Swimmer Plot</Property>
				<Property key="isAutoLabel">true</Property>
			</EditorProperties>
<![CDATA[<StatGraph border="false" opaque="false" includeMissingDiscrete="true" selectionMode="multiple" missingValueDisplay="autolabel" displayOptionPolicy="union">
    <PadAttrs top="0px" bottom="0px" left="0px" right="0px"/>
    <Meta>
        <DynVars>
            <DynVar name="DYNVAR_1" description="Low" required="true" assignedType="numeric" type="numeric" multiplesAllowed="false">
                <DefaultValues>
                    <Value>dd46.bi48</Value>
                </DefaultValues>
            </DynVar>
            <DynVar name="DYNVAR_2" description="High" required="true" assignedType="numeric" type="numeric" multiplesAllowed="false">
                <DefaultValues>
                    <Value>dd46.bi49</Value>
                </DefaultValues>
            </DynVar>
            <DynVar name="SHARED_DYNVAR_0" description="Item" required="true" assignedType="character" type="character" multiplesAllowed="false">
                <DefaultValues>
                    <Value>dd46.bi50</Value>
                </DefaultValues>
            </DynVar>
            <DynVar name="DYNVAR_8" description="Durable" required="true" assignedType="numeric" type="numeric" multiplesAllowed="false">
                <DefaultValues>
                    <Value>dd46.bi51</Value>
                </DefaultValues>
            </DynVar>
            <DynVar name="DYNVAR_9" description="Continued" required="true" assignedType="numeric" type="numeric" multiplesAllowed="false">
                <DefaultValues>
                    <Value>dd46.bi52</Value>
                </DefaultValues>
            </DynVar>
            <DynVar name="SHARED_DYNVAR_1" description="Start" required="true" assignedType="numeric" type="numeric" multiplesAllowed="false">
                <DefaultValues>
                    <Value>dd46.bi53</Value>
                </DefaultValues>
            </DynVar>
            <DynVar name="DYNVAR_10" description="Stage" required="true" assignedType="character" type="character" multiplesAllowed="false">
                <DefaultValues>
                    <Value>dd46.bi54</Value>
                </DefaultValues>
            </DynVar>
            <DynVar name="DYNVAR_11" description="Status" required="true" assignedType="character" type="character" multiplesAllowed="false">
                <DefaultValues>
                    <Value>dd46.bi55</Value>
                </DefaultValues>
            </DynVar>
            <DynVar name="DYNVAR_12" description="End" required="true" assignedType="numeric" type="numeric" multiplesAllowed="false">
                <DefaultValues>
                    <Value>dd46.bi56</Value>
                </DefaultValues>
            </DynVar>
            <DynVar name="DYNVAR_13" description="Endline" required="true" assignedType="numeric" type="numeric" multiplesAllowed="false">
                <DefaultValues>
                    <Value>dd46.bi58</Value>
                </DefaultValues>
            </DynVar>
        </DynVars>
    </Meta>
    <LayoutDataMatrix cellHeightMin="1px" cellWidthMin="1px">
        <LayoutPrototypeOverlay2D cycleAttrs="true" cycleColorResponses="false" wallDisplay="NONE">
            <ScheduleChart name="ScheduleChart_0" tipListPolicy="replace" legendLabel="Schedule Chart 1" barWidth="0.600000023" start="DYNVAR_1" finish="DYNVAR_2" task="SHARED_DYNVAR_0" group="DYNVAR_10"/>
            <ScheduleChart name="ScheduleChart_1" tipListPolicy="replace" legendLabel="Schedule Chart 2" barWidth="0.150000005" start="SHARED_DYNVAR_1" finish="DYNVAR_13" task="SHARED_DYNVAR_0" group="DYNVAR_11"/>
            <ScatterPlot name="ScatterPlot_0" tipListPolicy="replace" includeMissingGroup="true" x="SHARED_DYNVAR_1" y="SHARED_DYNVAR_0" colorModel="TwoColorRamp">
                <MarkerAttrs size="15px" color="Other:marker_color" symbol="TRIANGLE_FILLED"/>
            </ScatterPlot>
            <ScatterPlot name="ScatterPlot_1" tipListPolicy="replace" includeMissingGroup="true" x="DYNVAR_12" y="SHARED_DYNVAR_0" colorModel="TwoColorRamp">
                <MarkerAttrs size="15px" color="Other:marker_color"/>
            </ScatterPlot>
            <ScatterPlot name="ScatterPlot_2" tipListPolicy="replace" includeMissingGroup="true" x="DYNVAR_8" y="SHARED_DYNVAR_0" colorModel="TwoColorRamp">
                <MarkerAttrs size="18px" color="Final:marker_color" symbol="SQUARE_FILLED"/>
            </ScatterPlot>
            <ScatterPlot name="ScatterPlot_3" tipListPolicy="replace" includeMissingGroup="true" x="DYNVAR_9" y="SHARED_DYNVAR_0" colorModel="TwoColorRamp">
                <MarkerAttrs size="20px" color="Final:marker_color" symbol="STAR_FILLED"/>
            </ScatterPlot>
            <XAxisOpts name="categoryAxis" display="LINE TICKS TICKVALUES">
                <DiscreteOpts tickValueFitPolicy="staggertruncatedrop" sortOrder="data" tickValueAppearance="auto"/>
                <LinearOpts>
                    <TickValueFormatOpts extractScale="true"/>
                </LinearOpts>
            </XAxisOpts>
            <YAxisOpts type="discrete" display="LINE TICKS TICKVALUES" labelPosition="top">
                <DiscreteOpts tickValueFitPolicy="thin" sortOrder="data"/>
                <LinearOpts>
                    <TickValueFormatOpts extractScale="true"/>
                </LinearOpts>
            </YAxisOpts>
            <Y2AxisOpts labelPosition="top">
                <DiscreteOpts tickValueFitPolicy="thin" sortOrder="data"/>
                <LinearOpts>
                    <TickValueFormatOpts extractScale="true"/>
                </LinearOpts>
            </Y2AxisOpts>
        </LayoutPrototypeOverlay2D>
    </LayoutDataMatrix>
    <LayoutGlobalLegend hAlign="center" vAlign="bottom" legendTitlePosition="top" position="bottom" allowCollapsed="true">
        <AutoLegend sortOrder="ascending">
            <GraphNames>
                <Value>ScheduleChart_0</Value>
                <Value>ScheduleChart_1</Value>
            </GraphNames>
        </AutoLegend>
    </LayoutGlobalLegend>
    <OverviewAxis maxPlotSize="60px" minPlotSize="35px" visible="off" axis="categoryAxis"/>
</StatGraph>]]>
		</Graph>
		<Table columnSizing="autoFill" resultDefinitions="dd46" name="ve47" data="dd44" applyDynamicBrushes="yes">
			<Columns>
				<Column variable="bi48"/>
				<Column variable="bi49"/>
				<Column variable="bi50"/>
				<Column variable="bi51"/>
				<Column variable="bi52"/>
				<Column variable="bi53"/>
				<Column variable="bi54"/>
				<Column variable="bi55"/>
				<Column variable="bi56"/>
				<Column variable="bi58"/>
			</Columns>
		</Table>
		<VisualContainer containerType="precision" name="ve60" label="Precision container 1" selectionDisabled="true">
			<EditorProperties>
				<Property key="isPrecision">true</Property>
				<Property key="isAutoLabel">true</Property>
			</EditorProperties>
		</VisualContainer>
		<Image scaleType="scale" file="ve62.png" name="ve62" label="图像 1" selectionDisabled="true"/>
	</VisualElements>
	<View>
		<Header>
			<MediaContainer target="mt2">
				<ResponsiveLayout orientation="horizontal" overflow="fit">
					<Weights mediaTarget="mt5" unit="percent">
						<Weight value="100%"/>
					</Weights>
					<Weights mediaTarget="mt4" unit="percent">
						<Weight value="100%"/>
					</Weights>
					<Weights mediaTarget="mt3" unit="percent">
						<Weight value="100%"/>
					</Weights>
				</ResponsiveLayout>
			</MediaContainer>
		</Header>
		<Section name="vi41" label="Page 1">
			<Header>
				<MediaContainer target="mt2">
					<ResponsiveLayout orientation="horizontal" overflow="fit">
						<Weights mediaTarget="mt5" unit="percent">
							<Weight value="100%"/>
						</Weights>
						<Weights mediaTarget="mt4" unit="percent">
							<Weight value="100%"/>
						</Weights>
						<Weights mediaTarget="mt3" unit="percent">
							<Weight value="100%"/>
						</Weights>
					</ResponsiveLayout>
				</MediaContainer>
			</Header>
			<Body>
				<MediaContainer target="mt2">
					<ResponsiveLayout orientation="vertical" overflow="fit">
						<Weights mediaTarget="mt5" unit="percent">
							<Weight value="100%"/>
						</Weights>
						<Weights mediaTarget="mt4" unit="percent">
							<Weight value="100%"/>
						</Weights>
						<Weights mediaTarget="mt3" unit="percent">
							<Weight value="100%"/>
						</Weights>
					</ResponsiveLayout>
					<Container ref="ve60" name="vi59">
						<ResponsiveConstraint>
							<WidthConstraint>
								<Width mediaTarget="mt3" preferredSizeBehavior="honor" flexibility="shrinkable"/>
							</WidthConstraint>
							<HeightConstraint>
								<Height mediaTarget="mt3" preferredSizeBehavior="honor" flexibility="shrinkable"/>
							</HeightConstraint>
						</ResponsiveConstraint>
						<ResponsiveLayout orientation="vertical" overflow="fit">
							<Weights mediaTarget="mt5" unit="percent">
								<Weight value="100%"/>
							</Weights>
							<Weights mediaTarget="mt4" unit="percent">
								<Weight value="100%"/>
							</Weights>
							<Weights mediaTarget="mt3" unit="percent">
								<Weight value="100%"/>
							</Weights>
						</ResponsiveLayout>
						<Visual ref="ve43" name="vi42">
							<ResponsiveConstraint zIndex="1">
								<WidthConstraint>
									<Width mediaTarget="mt3" preferredSizeBehavior="ignore" value="70%" flexibility="shrinkable"/>
								</WidthConstraint>
								<HeightConstraint>
									<Height mediaTarget="mt3" preferredSizeBehavior="ignore" value="50%" flexibility="shrinkable"/>
								</HeightConstraint>
								<VerticalConstraint anchor="vi59" offset="0%"/>
								<HorizontalConstraint anchor="vi59" offset="0%"/>
							</ResponsiveConstraint>
						</Visual>
						<Visual ref="ve62" name="vi61">
							<ResponsiveConstraint zIndex="2">
								<WidthConstraint>
									<Width mediaTarget="mt3" preferredSizeBehavior="honor" value="16%" flexibility="shrinkable"/>
								</WidthConstraint>
								<HeightConstraint>
									<Height mediaTarget="mt3" preferredSizeBehavior="honor" value="16%" flexibility="shrinkable"/>
								</HeightConstraint>
								<VerticalConstraint anchor="vi59" offset="26%"/>
								<HorizontalConstraint anchor="vi59" offset="51.5%"/>
							</ResponsiveConstraint>
						</Visual>
					</Container>
				</MediaContainer>
			</Body>
		</Section>
	</View>
	<MediaSchemes>
		<MediaScheme name="ms1">
			<BaseStylesheetResource file="basems1.css" theme="opal"/>
			<Stylesheet><![CDATA[]]></Stylesheet>
		</MediaScheme>
	</MediaSchemes>
	<MediaTargets>
		<MediaTarget windowSize="default" scheme="ms1" name="mt2"/>
		<MediaTarget windowSize="small" scheme="ms1" name="mt3"/>
		<MediaTarget windowSize="medium" scheme="ms1" name="mt4"/>
		<MediaTarget windowSize="large" scheme="ms1" name="mt5"/>
	</MediaTargets>
	<Properties>
		<Property key="ReportPackagesServiceVersion">2020.1.4</Property>
		<Property key="ReportDataServiceVersion">2020.1.4</Property>
	</Properties>
	<CustomSorts>
		<CustomSort type="double" name="cs29">
			<Value>1</Value>
			<Value>2</Value>
			<Value>3</Value>
			<Value>4</Value>
			<Value>5</Value>
			<Value>6</Value>
			<Value>7</Value>
			<Value>8</Value>
			<Value>9</Value>
			<Value>10</Value>
		</CustomSort>
	</CustomSorts>
	<ExportProperties>
		<Export destination="pdf">
			<Property key="showCoverPage" value="true"></Property>
			<Property key="showPageNumbers" value="true"></Property>
		</Export>
	</ExportProperties>
	<History>
	<Versions>
		<Version key="4.23.0" lastDate="2022-09-20T00:00:00Z"/>
		<Version key="4.29.0" lastDate="2023-07-24T00:00:00Z"/>
	</Versions>
	<Conversions>
		<Conversion startVersion="4.23.0" finalVersion="4.32.0" date="2023-07-24T00:00:00Z"/>
	</Conversions>
	<Editors>
		<Editor applicationName="VA">
			<Revision editorVersion="2020" lastDate="2022-09-20T06:27:03.982Z"/>
			<Revision editorVersion="2023.04" lastDate="2023-07-24T07:57:28.935Z"/>
		</Editor>
	</Editors>
</History>
	<SASReportState>
		<View/>
	</SASReportState>
</SASReport>
