<?xml version="1.0" encoding="UTF-8" standalone="yes"?>
<reportPackage>
    <dataLevel>offline</dataLevel>
    <files>
        <file contentKey="TLFT65B2CRRX35FJ3HHQLT53EQRCWAHD" name="report" type="report">
            <links>
                <link href="/report.xml" method="GET" rel="content" type="application/vnd.sas.report.content" uri="/report.xml"/>
            </links>
        </file>
        <file contentKey="V7CJ3BT6YVZNROOW3XALANESRSXMEN4A" name="basems1.css" type="css">
            <links>
                <link href="/css/basems1.css" method="GET" rel="content" type="text/css" uri="/css/basems1.css"/>
            </links>
        </file>
        <file contentKey="XCGBZKRVGQOVLKUY5H5VW63DG3BHHFQV" name="highcontrast.css" type="css">
            <links>
                <link href="/css/highcontrast.css" method="GET" rel="content" type="text/css" uri="/css/highcontrast.css"/>
            </links>
        </file>
        <file contentKey="3IEGOIZJTLU7ZSTTCKRQXVCYZSMKI2ZD" name="ve62.png" source="/files/files/8077d068-75da-472f-aa32-fc2185b5c07a" type="image">
            <links>
                <link href="/image/ve62.png" method="GET" rel="content" type="image/png" uri="/image/ve62.png"/>
            </links>
        </file>
        <file contentKey="IO2KOUJQLV7RTFRY2ZQL2P2DSSX3M6XH" name="metadataSupplement" type="resource">
            <links>
                <link href="/metadataSupplement.xml" method="GET" rel="content" type="application/vnd.sas.report.metadata.supplement" uri="/metadataSupplement.xml"/>
            </links>
        </file>
        <file contentKey="4C6WVUTEPCYSVKFA4OSVHRFEDK4SVPHI" name="index.html" type="html">
            <links>
                <link href="/index.html" method="GET" rel="content" type="text/html" uri="/index.html"/>
            </links>
        </file>
        <file contentKey="ADOAM45JG4DVCTYDMAG6TIQHYEILTUMK" name="packageIndex.html" type="html">
            <links>
                <link href="/packageIndex.html" method="GET" rel="content" type="text/html" uri="/packageIndex.html"/>
            </links>
        </file>
        <file contentKey="DOAS5AWQOGHE3AQH6VYCJ3JSXSRMAPXM" name="viyafonts.css" type="css">
            <links>
                <link href="/css/viyafonts.css" method="GET" rel="content" type="text/css" uri="/css/viyafonts.css"/>
            </links>
        </file>
        <file contentKey="GWBEY45BDPJKVXB6NDWN3DRW54INU6VG" name="settings" type="resource">
            <links>
                <link href="/settings.json" method="GET" rel="content" type="application/vnd.sas.attributes" uri="/settings.json"/>
            </links>
        </file>
    </files>
    <formatLocale>zh-CN</formatLocale>
    <generatedTimeStamp>2023-07-24T07:58:13.508Z</generatedTimeStamp>
    <id>o_559d79fd-00e2-4f6e-9b54-901b6b728bb8</id>
    <links>
        <link href="/reportPackages/packages/o_559d79fd-00e2-4f6e-9b54-901b6b728bb8" method="GET" rel="self" type="application/vnd.sas.report.package" uri="/reportPackages/packages/o_559d79fd-00e2-4f6e-9b54-901b6b728bb8"/>
        <link href="/reportData/results?reportContentKey=2TT4MBTVCP5W3LRZB4U2DWZPU5OAYK5M&amp;reportUri=%2Freports%2Freports%2Fb3f6088a-5aee-4671-b72c-60990290a1e8&amp;reportDate=2023-07-24T07%3A58%3A13.508Z" method="POST" rel="requery" responseType="application/vnd.sas.report.results" type="application/vnd.sas.report.query.state" uri="/reportData/results?reportContentKey=2TT4MBTVCP5W3LRZB4U2DWZPU5OAYK5M&amp;reportUri=%2Freports%2Freports%2Fb3f6088a-5aee-4671-b72c-60990290a1e8&amp;reportDate=2023-07-24T07%3A58%3A13.508Z"/>
        <link href="/reportData/jobs?reportContentKey=2TT4MBTVCP5W3LRZB4U2DWZPU5OAYK5M&amp;reportUri=%2Freports%2Freports%2Fb3f6088a-5aee-4671-b72c-60990290a1e8&amp;reportDate=2023-07-24T07%3A58%3A13.508Z" method="POST" rel="requeryJob" responseType="application/vnd.sas.report.data.job" type="application/vnd.sas.report.query.state" uri="/reportData/jobs?reportContentKey=2TT4MBTVCP5W3LRZB4U2DWZPU5OAYK5M&amp;reportUri=%2Freports%2Freports%2Fb3f6088a-5aee-4671-b72c-60990290a1e8&amp;reportDate=2023-07-24T07%3A58%3A13.508Z"/>
    </links>
    <locale>zh-CN</locale>
    <modifiedTimeStamp>2023-07-24T07:57:43.557Z</modifiedTimeStamp>
    <size>129288</size>
    <source>/reports/reports/b3f6088a-5aee-4671-b72c-60990290a1e8</source>
    <version>34</version>
</reportPackage>
